name,role,type,url,summary,purpose,explanation,problems,stack
cyclee,Full Stack Developer,Le Wagon Project,https://coderadio.freecodecamp.org/,"<strong>Lorem ipsum dolor sit amet</strong>, consectetur adipiscing elit. Vestibulum sit amet orci at dui congue tempor. Etiam aliquet vitae metus ut porta.<br>Nunc a facilisis sapien. Fusce ipsum ligula, egestas id egestas at, egestas sed nibh. Suspendisse et placerat turpis, non ultrices erat. Aliquam erat volutpat. Ut quis ligula placerat, gravida massa sit amet, rutrum risus.","Maecenas tincidunt magna ac accumsan varius. Fusce bibendum lorem ante, sed cursus libero viverra vel. Orci varius natoque penatibus et magnis dis parturient montes, nascetur ridiculus mus. Phasellus ornare, erat in ullamcorper blandit, dui massa eleifend tortor, sed lacinia lorem sem nec purus. Mauris faucibus accumsan lorem vitae sagittis. Mauris eu cursus dui. Mauris felis nulla, semper ut felis at, lobortis elementum risus. Proin malesuada sapien eleifend quam aliquet ornare. Nulla eu blandit risus, a tincidunt mauris.","Donec pellentesque aliquam feugiat. In hac habitasse platea dictumst. Nulla in elementum lorem. Nullam consectetur ligula a enim mattis egestas. Phasellus elementum mi lacus, id sodales enim tristique nec. Quisque congue nisi quis dictum sollicitudin. Vestibulum et dapibus risus, ac euismod odio.

Nulla egestas purus suscipit, condimentum ex quis, placerat enim. Aenean pulvinar ornare urna, at euismod augue tincidunt non. Praesent faucibus ullamcorper mattis. Ut feugiat justo ex, sit amet tristique nunc molestie nec. Sed ullamcorper scelerisque justo, a fringilla quam convallis quis. Nullam tristique malesuada magna ac imperdiet. Cras aliquet nunc luctus, cursus odio a, lobortis est. Etiam at fringilla justo. Sed dolor diam, gravida sed ex vel, luctus tristique orci.","Quisque maximus mollis sapien, non faucibus erat venenatis vitae. Mauris sodales tristique diam ac venenatis. Vivamus ullamcorper, massa aliquam aliquet consequat, libero lacus sagittis neque, quis viverra justo ligula sed diam. Sed cursus arcu sed tristique egestas. Fusce nec aliquam justo, eget congue massa.

Maecenas enim nisi, aliquet lobortis felis vel, vestibulum tristique mauris. Nullam scelerisque, felis eget condimentum vulputate, dolor felis iaculis felis, nec viverra libero nibh et ex. Nam quis elementum turpis. Morbi a purus auctor, tristique est sed, faucibus libero. Nam non ligula ut lorem sagittis volutpat. In lobortis, elit quis scelerisque dictum, purus diam tincidunt neque, sed mattis ex lacus accumsan elit. Maecenas cursus diam eu quam pulvinar lobortis.","[1,2,3,4,5,6]"
Ramadhan On Wheels,Full Stack Developer,Volunteer Project,,"Lorem ipsum dolor sit amet, consectetur adipiscing elit. Vestibulum sit amet orci at dui congue tempor. Etiam aliquet vitae metus ut porta. Nunc a facilisis sapien. Fusce ipsum ligula, egestas id egestas at, egestas sed nibh. Suspendisse et placerat turpis, non ultrices erat. Aliquam erat volutpat. Ut quis ligula placerat, gravida massa sit amet, rutrum risus.","Maecenas tincidunt magna ac accumsan varius. Fusce bibendum lorem ante, sed cursus libero viverra vel. Orci varius natoque penatibus et magnis dis parturient montes, nascetur ridiculus mus. Phasellus ornare, erat in ullamcorper blandit, dui massa eleifend tortor, sed lacinia lorem sem nec purus. Mauris faucibus accumsan lorem vitae sagittis. Mauris eu cursus dui. Mauris felis nulla, semper ut felis at, lobortis elementum risus. Proin malesuada sapien eleifend quam aliquet ornare. Nulla eu blandit risus, a tincidunt mauris.","Donec pellentesque aliquam feugiat. In hac habitasse platea dictumst. Nulla in elementum lorem. Nullam consectetur ligula a enim mattis egestas. Phasellus elementum mi lacus, id sodales enim tristique nec. Quisque congue nisi quis dictum sollicitudin. Vestibulum et dapibus risus, ac euismod odio.

Nulla egestas purus suscipit, condimentum ex quis, placerat enim. Aenean pulvinar ornare urna, at euismod augue tincidunt non. Praesent faucibus ullamcorper mattis. Ut feugiat justo ex, sit amet tristique nunc molestie nec. Sed ullamcorper scelerisque justo, a fringilla quam convallis quis. Nullam tristique malesuada magna ac imperdiet. Cras aliquet nunc luctus, cursus odio a, lobortis est. Etiam at fringilla justo. Sed dolor diam, gravida sed ex vel, luctus tristique orci.","Quisque maximus mollis sapien, non faucibus erat venenatis vitae. Mauris sodales tristique diam ac venenatis. Vivamus ullamcorper, massa aliquam aliquet consequat, libero lacus sagittis neque, quis viverra justo ligula sed diam. Sed cursus arcu sed tristique egestas. Fusce nec aliquam justo, eget congue massa.

Maecenas enim nisi, aliquet lobortis felis vel, vestibulum tristique mauris. Nullam scelerisque, felis eget condimentum vulputate, dolor felis iaculis felis, nec viverra libero nibh et ex. Nam quis elementum turpis. Morbi a purus auctor, tristique est sed, faucibus libero. Nam non ligula ut lorem sagittis volutpat. In lobortis, elit quis scelerisque dictum, purus diam tincidunt neque, sed mattis ex lacus accumsan elit. Maecenas cursus diam eu quam pulvinar lobortis.","[1,2,3,4,5,6]"
WhereWorks,Full Stack Developer / Tech Lead,Le Wagon Project,,"Lorem ipsum dolor sit amet, consectetur adipiscing elit. Vestibulum sit amet orci at dui congue tempor. Etiam aliquet vitae metus ut porta. Nunc a facilisis sapien. Fusce ipsum ligula, egestas id egestas at, egestas sed nibh. Suspendisse et placerat turpis, non ultrices erat. Aliquam erat volutpat. Ut quis ligula placerat, gravida massa sit amet, rutrum risus.","Maecenas tincidunt magna ac accumsan varius. Fusce bibendum lorem ante, sed cursus libero viverra vel. Orci varius natoque penatibus et magnis dis parturient montes, nascetur ridiculus mus. Phasellus ornare, erat in ullamcorper blandit, dui massa eleifend tortor, sed lacinia lorem sem nec purus. Mauris faucibus accumsan lorem vitae sagittis. Mauris eu cursus dui. Mauris felis nulla, semper ut felis at, lobortis elementum risus. Proin malesuada sapien eleifend quam aliquet ornare. Nulla eu blandit risus, a tincidunt mauris.","Donec pellentesque aliquam feugiat. In hac habitasse platea dictumst. Nulla in elementum lorem. Nullam consectetur ligula a enim mattis egestas. Phasellus elementum mi lacus, id sodales enim tristique nec. Quisque congue nisi quis dictum sollicitudin. Vestibulum et dapibus risus, ac euismod odio.

Nulla egestas purus suscipit, condimentum ex quis, placerat enim. Aenean pulvinar ornare urna, at euismod augue tincidunt non. Praesent faucibus ullamcorper mattis. Ut feugiat justo ex, sit amet tristique nunc molestie nec. Sed ullamcorper scelerisque justo, a fringilla quam convallis quis. Nullam tristique malesuada magna ac imperdiet. Cras aliquet nunc luctus, cursus odio a, lobortis est. Etiam at fringilla justo. Sed dolor diam, gravida sed ex vel, luctus tristique orci.","Quisque maximus mollis sapien, non faucibus erat venenatis vitae. Mauris sodales tristique diam ac venenatis. Vivamus ullamcorper, massa aliquam aliquet consequat, libero lacus sagittis neque, quis viverra justo ligula sed diam. Sed cursus arcu sed tristique egestas. Fusce nec aliquam justo, eget congue massa.

Maecenas enim nisi, aliquet lobortis felis vel, vestibulum tristique mauris. Nullam scelerisque, felis eget condimentum vulputate, dolor felis iaculis felis, nec viverra libero nibh et ex. Nam quis elementum turpis. Morbi a purus auctor, tristique est sed, faucibus libero. Nam non ligula ut lorem sagittis volutpat. In lobortis, elit quis scelerisque dictum, purus diam tincidunt neque, sed mattis ex lacus accumsan elit. Maecenas cursus diam eu quam pulvinar lobortis.","[1,2,3,4,5,6]"
